1 Gateway Plz # 13Th
5026 Echo St
1545 Ramona Ave
1063 Isabel St
309 Amabel St
221 N Avenue 57
4221 Wilshire Blvd Ste 136
3223 Andrita St
606 S Hill St Ste 1104
4808 Baldwin Ave Ste 101
1555 W Court St
Po Box 1186
11815 Dorothy St Apt 7
19587 Newgarden St
5810 York Blvd
19523 Shelyn Dr
1014 Marengo Dr
23 Crescent Ave
3333 Andrita St
27829 Crookshank Dr
1300 N Verdugo Rd
Po Box 1186
433 N Camden Dr Ste 400
146 Greenfield Ave
5113 Lauderdale Ave
6601 W 82Nd St
8343 Elm Ave
2701 W Grand Ave
4316 Lanai Rd
2818 Macon St
1616 Preuss Rd
8491 W Sunset Blvd # 478
649 W Avenue 28
3599 Loma Lada Dr
10621 La Canada Pl
2887 El Roble Dr
15301 Valley Vista Blvd Apt 309
2705 W Avenue 31
2341 W Avenue 31
1015 Avenue A
2434 West Blvd # 32
3714 Brilliant Pl
2000 Elkins Pl
638 E Walnut Ave
3521 Holboro Dr
BLANK
BLANK
No emails found
No emails found
No emails found
No emails found
No emails found
No emails found
No emails found
No emails found
No emails found
No emails found
No emails found
abaro@optonline.net;nathanabaro@hotmail.com;abaro@excite.com;abaro@optonline.net
No emails found
ddomecus@yahoo.com;srmichelleosu@aol.com;mdomecus@netscape.com;mdomecus@sbcglobal.net
No emails found
lawsternla@aol.com
No emails found
No emails found
30621@lapd.lacity.org
vluk@adelphia.net;changbrian9413@gmail.com
ibm241@yahoo.com
wrestlingduck@yahoo.com;wrestlingduck@hotmail.com;rony.paredes@yahoo.com;aguayoramiro@hotmail.com
yolanda_m87@yahoo.com
No emails found
lordofwasteland@yahoo.com;faustomeza35@yahoo.com;faustom@comcast.net
mmladan@yahoo.com
No emails found
No emails found
amacen@comcast.net;ditchwitch15@yahoo.com;georgegomez.@angelfire.com;georgegomez.@angelfire.com
manuelabansat@sbcglobal.net;vlabansat@yahoo.com
No emails found
mariadecesare@netzero.net;timothya@charter.net;massimilianodecesare@jabble.com
caprafamily@sbcglobal.net;rcapra@hotmail.com;caprafamily@sbcglobal.net;caprafamily6@sbcglobal.net
No emails found
bob.castellani@sameday.com;bcaste@cmc.ctp.com;adsense-api@googlegroups.com
No emails found
yancey75@hotmail.com;ninaplaza4@yahoo.com;ncordova@msn.com
erikavallee@yahoo.com;wvallee@gateway.net;erikavallee1214@hotmail.com;erikavallee@yahoo.com;erikavallee@yahoo.com;babybird_cat@yahoo.com;nathan.medina@erols.com
r17ld01@aol.com;r17ldo3@hotmail.com;r17ld03@concentric.net;r17ld@optonline.net;r17ld@aol.com;r17ld03@aol.com;r17ld03@optonline.net;r17ld@att.net;r17ldo@hotmail.com;r17ld01@aol.com;r17ld01@aol.com;epramos111@outlook.com
davidtorres083@yahoo.com;dimaggio083@alltel.net;dimaggio083@hotmail.com;davidtorres083@yahoo.com;prncssjazi@yahoo.com;dimaggio083@hotmail.com;g1id@yahoo.com;prncssjazi14@hotmail.com;prncssjazi14@aol.com;jimj14@yahoo.com;prncssjazi14@yahoo.com;prncssjazi11@aol.com;jtorres@houston.rr.com;prncssjazi11@netscape.net;marlene_buchner2@bellsouth.com;g1id@ameritrade.com;gid@ameritrade.com;gid1@ameritrade.com;davidtorres083@yahoo.com;dimaggio083@alltel.net
BLANK
No emails found
No emails found
No emails found
No emails found
No emails found
No emails found
No emails found
No emails found
No emails found
No emails found
No emails found
BLANK abaro@optonline.net;nathanabaro@hotmail.com;abaro@excite.com;abaro@optonline.net
No emails found
BLANK ddomecus@yahoo.com;srmichelleosu@aol.com;mdomecus@netscape.com;mdomecus@sbcglobal.net
No emails found
BLANK lawsternla@aol.com
No emails found
No emails found
BLANK 30621@lapd.lacity.org
BLANK vluk@adelphia.net;changbrian9413@gmail.com
BLANK ibm241@yahoo.com
BLANK wrestlingduck@yahoo.com;wrestlingduck@hotmail.com;rony.paredes@yahoo.com;aguayoramiro@hotmail.com
BLANK yolanda_m87@yahoo.com
No emails found
BLANK lordofwasteland@yahoo.com;faustomeza35@yahoo.com;faustom@comcast.net
BLANK mmladan@yahoo.com
No emails found
No emails found
BLANK amacen@comcast.net;ditchwitch15@yahoo.com;georgegomez.@angelfire.com;georgegomez.@angelfire.com
BLANK manuelabansat@sbcglobal.net;vlabansat@yahoo.com
No emails found
BLANK mariadecesare@netzero.net;timothya@charter.net;massimilianodecesare@jabble.com
BLANK caprafamily@sbcglobal.net;rcapra@hotmail.com;caprafamily@sbcglobal.net;caprafamily6@sbcglobal.net
No emails found
BLANK bob.castellani@sameday.com;bcaste@cmc.ctp.com;adsense-api@googlegroups.com
No emails found
BLANK yancey75@hotmail.com;ninaplaza4@yahoo.com;ncordova@msn.com
BLANK erikavallee@yahoo.com;wvallee@gateway.net;erikavallee1214@hotmail.com;erikavallee@yahoo.com;erikavallee@yahoo.com;babybird_cat@yahoo.com;nathan.medina@erols.com
BLANK r17ld01@aol.com;r17ldo3@hotmail.com;r17ld03@concentric.net;r17ld@optonline.net;r17ld@aol.com;r17ld03@aol.com;r17ld03@optonline.net;r17ld@att.net;r17ldo@hotmail.com;r17ld01@aol.com;r17ld01@aol.com;epramos111@outlook.com
BLANK davidtorres083@yahoo.com;dimaggio083@alltel.net;dimaggio083@hotmail.com;davidtorres083@yahoo.com;prncssjazi@yahoo.com;dimaggio083@hotmail.com;g1id@yahoo.com;prncssjazi14@hotmail.com;prncssjazi14@aol.com;jimj14@yahoo.com;prncssjazi14@yahoo.com;prncssjazi11@aol.com;jtorres@houston.rr.com;prncssjazi11@netscape.net;marlene_buchner2@bellsouth.com;g1id@ameritrade.com;gid@ameritrade.com;gid1@ameritrade.com;davidtorres083@yahoo.com;dimaggio083@alltel.net
